paper_id,title,global_citations,in_degree,citation_count_score,citation_count_rank,unweighted_pagerank_score,unweighted_pagerank_score_rank,time_aware_pagerank_score,time_aware_pagerank_score_rank,semantic_pagerank_score_v2,semantic_pagerank_score_v2_rank,semantic_temporal_score_v2,semantic_temporal_score_v2_rank,full_model_score_v2,full_model_score_v2_rank
W2097281067,TUBE,231,4,231,13,6.673757211257496,1,0.8869939043920017,1,0.9100744498734836,1,0.9267987340372252,1,0.9047196390980728,1
W2974598553,Too Much Data: Prices and Inefficiencies in Data Markets,204,12,204,14,0.6386675277784418,4,0.3773533344006712,2,0.3727618080184599,2,0.37993653338665717,2,0.38002030129142894,2
W3123243120,Nonrivalry and the Economics of Data,75,4,75,36,0.5674472306249194,5,0.3403357466099986,3,0.33328004723879134,3,0.34253146574924287,3,0.3426026684682703,3
W3111554765,Optimal Sticky Prices under Rational Inattention,973,1,973,1,0.1911294642857143,18,0.15936157731466755,4,0.15835546875000003,4,0.15936157731466755,4,0.15936157731466755,4
W2168402580,Query-based data pricing,104,11,104,27,1.2127191016560535,2,0.15013795882164505,5,0.1435025778058247,5,0.1361922877092187,5,0.13753034169715844,5
W2910976764,Nonrivalry and the Economics of Data,711,5,711,2,0.15920955882352944,21,0.13530312865790808,6,0.13304938025210086,6,0.13524926776660226,6,0.13524926776660226,6
W2473283431,Data Collection and Wireless Communication in Internet of Things (IoT) Using Economic Analysis and Pricing Models: A Survey,352,3,352,3,0.24004118500525218,13,0.09220740499418931,7,0.09286823248545437,7,0.09292992738812034,7,0.09290105574756356,7
W2010653253,A survey of smart data pricing,233,10,233,12,0.6534602584643063,3,0.08686754053849063,9,0.08690915405796315,9,0.08980570225276763,8,0.0908852669016239,8
W2790400697,"A Survey on Big Data Market: Pricing, Trading and Protection",348,15,348,4,0.1799599396008404,19,0.09107138822048871,8,0.086915948830451,8,0.08736525897089945,9,0.08735904585131782,9
W2045522464,Understanding Mobile Traffic Patterns of Large Scale Cellular Towers in Urban Environment,116,3,116,22,0.06342384453781513,27,0.06295509453781514,10,0.06295509453781514,11,0.06295509453781514,11,0.06295509453781514,10
W2612128091,QIRANA,51,8,51,49,0.27010380481880253,11,0.054088926984994096,14,0.0540427346174171,15,0.05657144535783366,13,0.057695116116625575,11
W2150449738,The Pricing Behaviour of Italian Firms: New Survey Evidence on Price Stickiness,74,1,74,37,0.08144905462184875,24,0.05498205454230691,12,0.057030527836134465,13,0.054982054542306896,14,0.054982054542306896,12
W1777686370,The Pricing Behaviour of Firms in the Euro Area: New Survey Evidence,322,2,322,6,0.08599789915966388,23,0.05486025200726171,13,0.057270220588235304,12,0.0548602520072617,15,0.0548602520072617,13
W3117086259,"Fintech: what’s old, what’s new?",329,0,329,5,0.04852941176470589,31,0.04852941176470589,17,0.04852941176470589,16,0.04852941176470589,17,0.04852941176470589,14
W2180742472,Smart data pricing,47,2,47,57,0.20906914590992653,17,0.031133623992770962,26,0.0320220834772487,26,0.03249570937321769,24,0.046932720426327096,15
W2982407593,Trading Private Range Counting over Big IoT Data,314,0,314,7,0.04616596638655463,33,0.04616596638655463,18,0.04616596638655463,18,0.04616596638655463,18,0.04616596638655463,16
W2289113545,Smart data pricing models for the internet of things: a bundling strategy approach,100,5,100,28,0.3796805777639182,7,0.05935602600695644,11,0.06399419876141732,10,0.06965998184496501,10,0.04520851550849357,17
W2123954539,Microeconomic Evidence on Price-Setting,307,0,307,8,0.04506302521008404,34,0.04506302521008404,19,0.04506302521008404,19,0.04506302521008404,19,0.04506302521008404,18
W1841962286,A Priced Public Sensing Framework for Heterogeneous IoT Architectures,95,2,95,29,0.22752056397715342,14,0.03269467538543206,25,0.037723124707399254,22,0.031504566810756106,25,0.04165501368837179,19
W2018362551,The challenges of personal data markets and privacy,265,5,265,9,0.04863064600840336,30,0.04084931164074539,21,0.04071622478401892,20,0.04051409413757323,20,0.04059678553973712,20
W1994174199,Smart data pricing: To share or not to share?,32,2,32,78,0.3244616843766414,9,0.0521858153832239,16,0.05612826222451565,14,0.06094417784553118,12,0.04016043145953046,21
W2293940046,Query-Based Data Pricing,122,11,122,19,0.43154428016675433,6,0.05239666483958427,15,0.04012228959518141,21,0.03949957573897994,21,0.039207965236915415,22
W2514159439,Big Data Driven Mobile Traffic Understanding and Forecasting: A Time Series Approach,247,0,247,10,0.035609243697479,38,0.035609243697479,22,0.035609243697479,23,0.035609243697479,22,0.035609243697479,23
W2906578628,The Internet of Things: A Review of Enabled Technologies and Future Challenges,245,0,245,11,0.03529411764705883,39,0.03529411764705883,23,0.03529411764705883,24,0.03529411764705883,23,0.03529411764705883,24
W2950902070,"A Survey of Smart Data Pricing: Past Proposals, Current Plans, and Future Trends",24,1,24,96,0.2762651207957754,10,0.044830632151370564,20,0.048181711966468546,17,0.05227524024433176,16,0.03460905581623114,25
W3124517880,Optimal Sticky Prices under Rational Inattention,130,2,130,16,0.07330383403361346,25,0.030910947062566675,27,0.03302983849789916,25,0.030910947062566675,26,0.030910947062566675,26
W3215634159,Coalition Game and Blockchain-Based Optimal Data Pricing Scheme for Ride Sharing Beyond 5G,50,4,50,51,0.028676470588235296,41,0.028676470588235296,28,0.028676470588235296,27,0.028676470588235296,27,0.028676470588235296,27
W3121615946,Data Pricing for Blockchain-based Car Sharing: A Stackelberg Game Approach,33,1,33,77,0.02626575630252101,42,0.02626575630252101,30,0.02626575630252101,28,0.02626575630252101,28,0.02626575630252101,28
W2533772775,A pricing model for Big Personal Data,61,8,61,40,0.2117684696691177,16,0.03412143155681663,24,0.025823134788398136,29,0.02428372423964613,30,0.024213213133601644,29
W2734426755,An Online Pricing Mechanism for Mobile Crowdsensing Data Markets,61,5,61,40,0.3262225991334034,8,0.022911064223613827,31,0.02191543679369024,30,0.024509669336143694,29,0.023370308707408267,30
W2765365501,Pricing of Data Products in Data Marketplaces,39,8,39,68,0.22229025275735298,15,0.019057473203655095,35,0.01983584568805602,35,0.02233739525922483,31,0.02229746110358204,31
W2011238498,Accounting for Incomplete Pass-Through,85,1,85,34,0.04838760504201681,32,0.022027240740394156,32,0.019659926470588236,36,0.022027240740394156,32,0.022027240740394156,32
W3084177365,A Survey on Data Pricing: From Economics to Data Science,118,7,118,21,0.04243093487394959,37,0.02178195954027372,33,0.020611036959067824,33,0.021819842406358578,33,0.021995333790375913,33
W2743929098,Data pricing strategy based on data quality,93,11,93,32,0.2416773391544118,12,0.028367037375214628,29,0.021176149172373447,31,0.021670769340678145,34,0.021107070538705225,34
W2759182208,Pricing privacy – the right to know the value of your personal data,120,3,120,20,0.03157507878151261,40,0.017886325228315993,36,0.020794043264308174,32,0.020925364337961473,35,0.02067444687704714,35
W4226382147,"Smartphone App Usage Analysis: Datasets, Methods, and Applications",126,1,126,18,0.020294117647058827,45,0.020294117647058827,34,0.020294117647058827,34,0.020294117647058827,36,0.020294117647058827,36
W2327152018,AMUSE: Empowering Users for Cost-Aware Offloading with Throughput-Delay Tradeoffs,31,1,31,82,0.17928440427553838,20,0.0128883058403138,48,0.010648553903987971,49,0.01338323152053719,48,0.01862904622380443,37
W3127298136,A Model of the Data Economy,133,0,133,15,0.017647058823529415,47,0.017647058823529415,37,0.017647058823529415,37,0.017647058823529415,37,0.017647058823529415,38
W3121561769,The Economic Consequences of Data Privacy Regulation: Empirical Evidence from GDPR,130,0,130,16,0.01717436974789916,48,0.01717436974789916,38,0.01717436974789916,38,0.01717436974789916,38,0.01717436974789916,39
W3209462287,Regulatory Spillovers and Data Governance: Evidence from the GDPR,109,1,109,24,0.021204831932773113,44,0.016027883880825062,39,0.015713760504201684,40,0.01602788388082506,39,0.01602788388082506,40
W2166180954,Temporary Price Changes and the Real Effects of Monetary Policy,54,1,54,48,0.043503151260504205,36,0.015436614512174582,40,0.014775472689075631,43,0.015436614512174582,40,0.015436614512174582,41
W2581979418,When Social Network Effect Meets Congestion Effect in Wireless Networks: Data Usage Equilibrium and Optimal Pricing,106,1,106,25,0.01839508928571429,46,0.015292009115361629,41,0.014851562500000004,42,0.015292009115361629,41,0.015119106769276752,42
W4243417153,Selling Cookies,94,2,94,31,0.05399696691176471,29,0.014318757407461438,44,0.015774245860767987,39,0.014864470315824104,42,0.014879347495708834,43
W4288391541,"Blockchain and AI-Empowered Healthcare Insurance Fraud Detection: an Analysis, Architecture, and Future Prospects",113,0,113,23,0.014495798319327733,51,0.014495798319327733,42,0.014495798319327733,44,0.014495798319327733,43,0.014495798319327733,44
W2067195421,When Users Interfere with Protocols: Prospect Theory in Wireless Networks using Random Access and Data Pricing as an Example,78,1,78,35,0.014338235294117648,53,0.014338235294117648,43,0.014338235294117648,45,0.014338235294117648,44,0.014338235294117648,45
W2156471581,Prices and Market Shares in a Menu Cost Model,55,1,55,46,0.04366071428571429,35,0.014314548202354442,45,0.014933035714285715,41,0.014314548202354439,45,0.014314548202354439,46
W1998665878,When Network Effect Meets Congestion Effect,25,1,25,93,0.016266077993697482,49,0.01362845984889772,46,0.01325408022584034,47,0.01362845984889772,46,0.013481492854725574,47
W2956647116,Smart Contract Based Data Trading Mode Using Blockchain and Machine Learning,106,0,106,25,0.013392857142857146,55,0.013392857142857146,47,0.013392857142857146,46,0.013392857142857146,47,0.013392857142857146,48
W3113404185,Blockchain Based Data and Energy Trading in Internet of Electric Vehicles,95,1,95,29,0.015677521008403365,50,0.012814958251671277,49,0.012664128151260506,48,0.012814958251671277,49,0.012814958251671277,49
W4323644227,A Survey of Data Pricing for Data Marketplaces,56,1,56,44,0.01448792016806723,52,0.011320903361344541,50,0.010001313025210085,51,0.011320903361344541,50,0.011320903361344541,50
W4390728454,Pricing Game and Blockchain for Electricity Data Trading in Low-Carbon Smart Energy Systems,88,0,88,33,0.010556722689075633,56,0.010556722689075633,52,0.010556722689075633,50,0.010556722689075633,52,0.010556722689075633,51
W2919782326,Making Big Money from Small Sensors: Trading Time-Series Data under Pufferfish Privacy,46,5,46,61,0.06427824973739496,26,0.008287347230957576,53,0.008644094897483447,53,0.010326559567735365,53,0.01039941831616872,52
W2920282816,Pricing for Revenue Maximization in IoT Data Markets: An Information Design Perspective,37,6,37,69,0.1322419905462185,22,0.010727855475780533,51,0.009445253005766327,52,0.010894733970779023,51,0.008888848609235625,53
W2921968831,Personal Data Trading Scheme for Data Brokers in IoT Data Marketplaces,60,2,60,43,0.013912815126050422,54,0.007539767516904993,55,0.0075651343209993385,54,0.007682534505703882,54,0.007661075156663533,54
W4360991875,The Economics of Digital Privacy,69,0,69,38,0.0075630252100840345,61,0.0075630252100840345,54,0.0075630252100840345,55,0.0075630252100840345,55,0.0075630252100840345,55
W4293428560,Adoption of Federated Learning for Healthcare Informatics: Emerging Applications and Future Directions,68,0,68,39,0.00740546218487395,62,0.00740546218487395,56,0.00740546218487395,56,0.00740546218487395,56,0.00740546218487395,56
W3040491562,Subscription-Based Data-Sharing Model Using Blockchain and Data as a Service,55,1,55,46,0.0084375,58,0.00689732142857143,57,0.00689732142857143,57,0.00689732142857143,57,0.00689732142857143,57
W2190764372,Prospect Pricing in Cognitive Radio Networks,61,0,61,40,0.006302521008403362,64,0.006302521008403362,58,0.006302521008403362,58,0.006302521008403362,58,0.006302521008403362,58
W3014121762,Advancing Data Monetization and the Creation of Data-based Business Models,50,1,50,51,0.007649684873949581,60,0.006109506302521009,59,0.006109506302521009,59,0.006109506302521009,59,0.006109506302521009,59
W4226305897,Business Data Sharing through Data Marketplaces: A Systematic Literature Review,56,1,56,44,0.007255777310924371,63,0.006095063025210085,60,0.0059499737394957996,60,0.006095063025210085,60,0.005763430372148861,60
W2996741051,Dynamic Pricing for Revenue Maximization in Mobile Social Data Market With Network Effects,49,1,49,53,0.00588497899159664,66,0.005393907563025211,61,0.005148371848739497,62,0.005393907563025211,61,0.004902836134453782,61
W2126626399,The Price Is Right,43,4,43,64,0.05587698923319329,28,0.005320958416616632,62,0.005205057743321993,61,0.004732410225068156,62,0.004732026266953727,62
W4312395603,Shaping future low-carbon energy and transportation systems: Digital technologies and applications,51,0,51,49,0.0047268907563025216,68,0.0047268907563025216,63,0.0047268907563025216,63,0.0047268907563025216,63,0.0047268907563025216,63
W3008256197,The Effect of Privacy Regulation on the Data Industry: Empirical Evidence from GDPR,35,1,35,74,0.008634453781512607,57,0.0046638655462184885,65,0.00434873949579832,67,0.004663865546218488,64,0.004663865546218488,64
W2342966760,Time and Location Aware Mobile Data Pricing,41,1,41,65,0.008153492647058825,59,0.004628378705038501,66,0.004609965861344539,64,0.004628378705038501,65,0.004493899102528042,65
W4385311348,Evolving deep gated recurrent unit using improved marine predator algorithm for profit prediction based on financial accounting information system,49,0,49,53,0.004411764705882354,70,0.004411764705882354,67,0.004411764705882354,65,0.004411764705882354,66,0.004411764705882354,66
W3002742063,Monetization of Services Provided by Public Fog Nodes Using Blockchain and Smart Contracts,49,0,49,53,0.004411764705882354,70,0.004411764705882354,67,0.004411764705882354,65,0.004411764705882354,66,0.004411764705882354,66
W4288685807,New and emerging forms of data and technologies: literature and bibliometric review,48,0,48,56,0.004254201680672269,72,0.004254201680672269,69,0.004254201680672269,68,0.004254201680672269,68,0.004254201680672269,68
W2942073230,Big Data Market Optimization Pricing Model Based on Data Quality,47,1,47,57,0.004632352941176471,69,0.004172308216425864,70,0.004153781512605042,69,0.004167991858139876,69,0.004167991858139876,69
W4284704402,"A Taxonomy on Smart Healthcare Technologies: Security Framework, Case Study, and Future Directions",47,0,47,57,0.004096638655462185,74,0.004096638655462185,71,0.004096638655462185,70,0.004096638655462185,71,0.004096638655462185,70
W3206864493,Embedding European values in data governance: a case for public data commons,47,0,47,57,0.004096638655462185,74,0.004096638655462185,71,0.004096638655462185,70,0.004096638655462185,71,0.004096638655462185,70
W3195579788,Data pricing in machine learning pipelines,45,1,45,62,0.0057904411764705885,67,0.004689897698209719,64,0.00398092830882353,72,0.0041230231649506885,70,0.003968130026921448,72
W4310251148,Data monetization: insights from a technology-enabled literature review and research agenda,44,0,44,63,0.0036239495798319333,77,0.0036239495798319333,73,0.0036239495798319333,73,0.0036239495798319333,73,0.0036239495798319333,73
W2916829860,ARETE: On Designing Joint Online Pricing and Reward Sharing Mechanisms for Mobile Data Markets,27,4,27,89,0.021704306722689082,43,0.0032089174246929747,74,0.002792564315642219,77,0.0031980512265461745,74,0.00343795554515661,74
W3096125752,Data Sharing and Market Power with Two-Sided Platforms,36,1,36,70,0.003836659663865547,76,0.003100052521008404,75,0.003100052521008404,74,0.003100052521008404,75,0.003100052521008404,75
W4220901737,Data Market Design: A Systematic Literature Review,40,0,40,66,0.002993697478991597,78,0.002993697478991597,76,0.002993697478991597,75,0.002993697478991597,76,0.002993697478991597,76
W2994622980,Smart Contract-Based Data Commodity Transactions for Industrial Internet of Things,40,0,40,66,0.002993697478991597,78,0.002993697478991597,76,0.002993697478991597,75,0.002993697478991597,76,0.002993697478991597,76
W4281710558,Blockchain for Future Wireless Networks: A Decade Survey,36,0,36,70,0.0023634453781512608,81,0.0023634453781512608,78,0.0023634453781512608,78,0.0023634453781512608,78,0.0023634453781512608,78
W4319769514,"Data-Driven Learning for Data Rights, Data Pricing, and Privacy Computing",36,0,36,70,0.0023634453781512608,81,0.0023634453781512608,78,0.0023634453781512608,78,0.0023634453781512608,78,0.0023634453781512608,78
W4388068877,Multi-Blockchain Based Data Trading Markets With Novel Pricing Mechanisms,36,0,36,70,0.0023634453781512608,81,0.0023634453781512608,78,0.0023634453781512608,78,0.0023634453781512608,78,0.0023634453781512608,78
W4281293246,Business model archetypes for data marketplaces in the automotive industry,34,0,34,75,0.0020483193277310925,84,0.0020483193277310925,81,0.0020483193277310925,81,0.0020483193277310925,81,0.0020483193277310925,81
W2993467838,Evaluation of big data frameworks for analysis of smart grids,34,0,34,75,0.0020483193277310925,84,0.0020483193277310925,81,0.0020483193277310925,81,0.0020483193277310925,81,0.0020483193277310925,81
W3089176333,Towards Query Pricing on Incomplete Data,29,1,29,85,0.006182379201680672,65,0.0018756146931151298,84,0.0017900939797573369,84,0.002014325739690592,83,0.001986006281160996,83
W3021370403,TIDES: A Trust-Aware IoT Data Economic System With Blockchain-Enabled Multi-Access Edge Computing,27,1,27,89,0.0018828781512605045,86,0.0018828781512605045,83,0.0018828781512605045,83,0.0018828781512605045,84,0.0018828781512605045,84
W4322604225,Data and Markets,32,0,32,78,0.0017331932773109247,87,0.0017331932773109247,85,0.0017331932773109247,85,0.0017331932773109247,85,0.0017331932773109247,85
W3202764263,Regression markets and application to energy forecasting,32,0,32,78,0.0017331932773109247,87,0.0017331932773109247,85,0.0017331932773109247,85,0.0017331932773109247,85,0.0017331932773109247,85
W3021125948,Contract Design in Hierarchical Game for Sponsored Content Service Market,32,0,32,78,0.0017331932773109247,87,0.0017331932773109247,85,0.0017331932773109247,85,0.0017331932773109247,85,0.0017331932773109247,85
W4386021011,What is the value of data? A review of empirical methods,31,0,31,82,0.0015756302521008406,90,0.0015756302521008406,88,0.0015756302521008406,88,0.0015756302521008406,88,0.0015756302521008406,88
W4377287661,A Reference System Architecture with Data Sovereignty for Human-Centric Data Ecosystems,31,0,31,82,0.0015756302521008406,90,0.0015756302521008406,88,0.0015756302521008406,88,0.0015756302521008406,88,0.0015756302521008406,88
W2954543879,Iris: Deep Reinforcement Learning Driven Shared Spectrum Access Architecture for Indoor Neutral-Host Small Cells,28,0,28,86,0.0011029411764705884,92,0.0011029411764705884,92,0.0011029411764705884,90,0.0011029411764705884,91,0.0011029411764705884,90
W4220799794,Blockchain as IoT Economy Enabler: A Review of Architectural Aspects,28,0,28,86,0.0011029411764705884,92,0.0011029411764705884,92,0.0011029411764705884,90,0.0011029411764705884,91,0.0011029411764705884,90
W3202603574,"COVID-19 acceleration in digitalisation, aggregate productivity growth and the functional income distribution",28,0,28,86,0.0011029411764705884,92,0.0011029411764705884,92,0.0011029411764705884,90,0.0011029411764705884,91,0.0011029411764705884,90
W4377865288,"The Dimensions of Data Labor: A Road Map for Researchers, Activists, and Policymakers to Empower Data Producers",27,0,27,89,0.0009453781512605043,95,0.0009453781512605043,95,0.0009453781512605043,94,0.0009453781512605043,94,0.0009453781512605043,93
W4289544372,The value of data in digital-based business models: Measurement and economic policy implications,26,0,26,92,0.0007878151260504203,97,0.0007878151260504203,96,0.0007878151260504203,95,0.0007878151260504203,95,0.0007878151260504203,94
W2934375453,Personal Data Market Optimization Pricing Model Based on Privacy Level,23,1,23,98,0.004252626050420168,73,0.0011527159472884156,90,0.0010099252472073165,93,0.0012766278514809734,90,0.0007064247225311586,95
W2310916783,Marketplaces for Digital Data: Quo Vadis?,23,1,23,98,0.0028597689075630255,80,0.001133046968787515,91,0.0007032919099843328,96,0.0006858384091046491,96,0.0006858384091046491,96
W3210061505,Personal big data pricing method based on differential privacy,25,0,25,93,0.0006302521008403362,98,0.0006302521008403362,97,0.0006302521008403362,97,0.0006302521008403362,97,0.0006302521008403362,97
W4210813858,Data Boundary and Data Pricing Based on the Shapley Value,25,0,25,93,0.0006302521008403362,98,0.0006302521008403362,97,0.0006302521008403362,97,0.0006302521008403362,97,0.0006302521008403362,97
W2734445852,A First Look at Information Entropy-Based Data Pricing,23,1,23,98,0.0008508403361344539,96,0.000375661699191111,100,0.0005294117647058824,99,0.0005291856584532414,99,0.0005291856584532414,99
W4382600626,"We, the Data",24,0,24,96,0.00047268907563025216,100,0.00047268907563025216,99,0.00047268907563025216,100,0.00047268907563025216,100,0.00047268907563025216,100
W3186955607,Pricing through health apps generated data—Digital dividend as a game changer: Discrete choice experiment,23,0,23,98,0.0003151260504201681,101,0.0003151260504201681,101,0.0003151260504201681,101,0.0003151260504201681,101,0.0003151260504201681,101
W2508874533,Smart Media Pricing (SMP): Non-uniform packet pricing game for wireless multimedia communications,23,0,23,98,0.0003151260504201681,101,0.0003151260504201681,101,0.0003151260504201681,101,0.0003151260504201681,101,0.0003151260504201681,101
W1516789636,Debt Sustainability and Procyclical Fiscal Policies in Latin America,23,0,23,98,0.0003151260504201681,101,0.0003151260504201681,101,0.0003151260504201681,101,0.0003151260504201681,101,0.0003151260504201681,101
W2758203152,Incentivizing self-capping to increase cloud utilization,22,0,22,104,0.00015756302521008404,104,0.00015756302521008404,104,0.00015756302521008404,104,0.00015756302521008404,104,0.00015756302521008404,104
W2509511072,Understanding rollover data,21,0,21,105,0.0,105,0.0,105,0.0,105,0.0,105,0.0,105
